date,title,proposed,n,source,flag,evidence,key
2019-01-01,"Minisode 22 | 2018, Memoriam",,0,public-counterpart,not-patreon-exclusive,"Minisode 23 | 2018, Memoriam",p:23464953
2019-04-01,Book vs Book 2 | Hikaru no Go Vol 1 vs Mockingbird Vol 1: I Can Explain,Kara Szamborski; René Rodriguez,2,description,,"Kara and René swap books from their target demographics and chat about wacky premises, fleshed out characters, and how small details can turn a story into a memorable one. René",p:25723458
2019-04-19,Mike & Paul Read Doom Patrol Part 1,Mike Rapin; Paul Jaissle,2,series-default,,named in the series title,p:25658077
2019-04-20,Book vs Book 3 | Trees Vol 1: In Shadow vs Lady Killer,Tia Vasiliou; Kait Lamphere,2,description,,"Tia and Kait get together in this Book vs. Book episode to challenge each other to a new read! They discuss Lady Killer and Trees, and a few other podcasts along the way. Tia",p:25775353
2019-05-03,Mike & Paul Read Doom Patrol Part 2,Mike Rapin; Paul Jaissle,2,series-default,,named in the series title,p:25658237
2019-05-17,Mike & Paul Read Doom Patrol Part 3,Mike Rapin; Paul Jaissle,2,series-default,,named in the series title,p:26136472
2019-05-18,Book vs Book 4 | Asterix The Gaul vs Fence Volume 1,Mike Rapin; Kara Szamborski,2,description,,"Mike and Kara issued a ""challenge"" to each other to pick books they truly love for each other and while the comics are great, they were truly different! Mike",p:26811940
2019-05-31,"Mike & Paul Read Doom Patrol Part 4, Part 1",Mike Rapin; Paul Jaissle,2,series-default,,named in the series title,p:26450077
2019-06-14,"Mike & Paul Read Doom Patrol Part 4, Part 2",Mike Rapin; Paul Jaissle,2,series-default,,named in the series title,p:26450333
2019-06-23,Book vs. Book 5 | Mooncop vs. Rai Vol. 1,Kate Skocelas; Nick White,2,description,,Kate and Nick sat down and threw down the gauntlet for this Book vs Book! Kate,p:27821393
2019-06-28,Mike & Paul Read Doom Patrol Part 5,Mike Rapin; Paul Jaissle,2,series-default,,named in the series title,p:27585028
2019-07-12,Mike & Paul Read Doom Patrol Part 6,Mike Rapin; Paul Jaissle,2,series-default,,named in the series title,p:27935140
2019-07-20,Book vs Book 6 | Cosmic Odyssey vs Gideon Falls Vol. 2: Original Sins,Paul Jaissle; Nick White,2,description,,"This month, Paul and Nick sat down to discuss books they picked for each other! Paul",p:28158631
2019-08-18,Book vs Book 7 | Prez Vol. 1 vs Life Is Strange Vol. 1,Brian Murray; Kara Szamborski,2,description,,"Brian and Kara deliver us a Book vs. Book episode featuring two books that are, well, strange! Kara",p:29247275
2019-09-29,Book vs Book 8 | Heart In A Box vs. Batwoman Vol. 1: Elegy,Kate Skocelas; Kait Lamphere,2,description,,"Sorry for the delay on this episode, folks! We had a few scheduling issues on our end, but you're going to love this episode of Book vs. Book! Kate and Kait discuss two books they'",p:30327599
2019-10-14,Microsode 1 | The Wic+Div Wake,Mike Rapin; Tia Vasiliou,2,description,,"Mike and Tia sat down to discuss The Wicked + The Divine wake at NYCC, dancing your heart out, and the welcoming world that is WicDiv.",p:30737408
2019-10-19,Book vs Book 9 | Fante Bukowski vs The Untold Legend of Batman,Mike Rapin; Paul Jaissle,2,description,,Mike and Paul dig in on two very different books that hold a special place in their hearts. Mike' Pick: Fante Bukowski by Noah Van Sciver Paul,p:30707691
2019-11-23,Book vs Book 10 | Quantum & Woody Vol. 1 vs Death Note Vol. 1,Nick White; René Rodriguez,2,description,,"Nick and René go head to head with this Book vs. Book, Valiant vs. Manga! Nick",p:31287389
2019-12-12,I Read Star Wars Comic Books Episode VI | Kanaan and Rebels,Brian Murray; Kara Szamborski,2,description,,"Brian and Kara discuss our favorite space fam and best boi Kanan in the context of this entertaining comic series. If you’ve watched Star Wars Rebels, you know all about not-Jedi K",p:31819738
2019-12-20,Book vs. Book 11 | Flavor vs Castle In The Stars: The Space Race of 1869,Kait Lamphere; Mike Rapin,2,description,,Kait and Mike go head to head this month with two books they picked for each other in our FINAL Book vs Book! Mike,p:32487271
2020-01-31,Saga of Saga: Intro,Mike Rapin; Brian Murray; Kait Lamphere; Kara Szamborski,4,description,,"This intro episode is the beginning of our new series Saga of Saga . Mike, Brian, Kait, and Kara will be partnering arc by arc, digging through every issue of the series Saga by Br",p:33568250
2020-02-01,Saga of Saga: Issue 1,Kait Lamphere; Kara Szamborski,2,saga-volume,,issue 1 -> volume 1,p:33569637
2020-02-05,Saga of Saga: Issue 2,Kait Lamphere; Kara Szamborski,2,saga-volume,,issue 2 -> volume 1,p:33569708
2020-02-08,Saga of Saga: Issue 3,Kait Lamphere; Kara Szamborski,2,saga-volume,,issue 3 -> volume 1,p:33569756
2020-02-12,Saga of Saga: Issue 4,Kait Lamphere; Kara Szamborski,2,saga-volume,,issue 4 -> volume 1,p:33569778
2020-02-15,Saga of Saga: Issue 5,Kait Lamphere; Kara Szamborski,2,saga-volume,,issue 5 -> volume 1,p:33569781
2020-02-19,Saga of Saga: Issue 6,Kait Lamphere; Kara Szamborski,2,saga-volume,,issue 6 -> volume 1,p:33569782
2020-02-22,Saga of Saga: Volume 1 Wrap,Brian Murray; Mike Rapin; Kara Szamborski; Kait Lamphere,4,saga-wrap+description,,"Brian, Mike, Kara, and Kait have a discussion about the first arc of Saga!",p:33569864
2020-02-26,Saga of Saga: Issue 7,Kara Szamborski; Mike Rapin,2,saga-volume,,issue 7 -> volume 2,p:34093278
2020-03-01,Saga of Saga: Issue 8,Kara Szamborski; Mike Rapin,2,saga-volume,,issue 8 -> volume 2,p:34093373
2020-03-04,Saga of Saga: Issue 9,Kara Szamborski; Mike Rapin,2,saga-volume,,issue 9 -> volume 2,p:34093409
2020-03-07,Saga of Saga: Issue 10,Kara Szamborski; Mike Rapin,2,saga-volume,,issue 10 -> volume 2,p:34093426
2020-03-11,Saga of Saga: Issue 11,Kara Szamborski; Mike Rapin,2,saga-volume,,issue 11 -> volume 2,p:34093469
2020-03-14,Saga of Saga: Issue 12,Kara Szamborski; Mike Rapin,2,saga-volume,,issue 12 -> volume 2,p:34093487
2020-03-18,Saga of Saga: Volume 2 Wrap,Mike Rapin; Kara Szamborski; Brian Murray,3,saga-wrap+description,,"A summary discussion with Mike, Kara, and Brian.",p:34093510
2020-03-21,Saga of Saga: Issue 13,Brian Murray; Mike Rapin,2,saga-volume,,issue 13 -> volume 3,p:34602203
2020-03-25,Saga of Saga: Issue 14,Brian Murray; Mike Rapin,2,saga-volume,,issue 14 -> volume 3,p:34602346
2020-03-28,Saga of Saga: Issue 15,Brian Murray; Mike Rapin,2,saga-volume,,issue 15 -> volume 3,p:34602393
2020-03-29,IRCB Movie Club #1 | Ghost World,Paul Jaissle; Mike Rapin; Brian Murray,3,series+description,,"On this first episode of a new quarterly series, Paul, Mike, and Brian discuss Daniel Clowes' Ghost World and the film adaptation of the same name, ",p:35238867
2020-03-31,"March 2020 Goodreads Book of the Month: Batgirl and the Birds of Prey, Volume 1: Who Is Oracle?",Kate Skocelas; Mike Rapin,2,description,,"Kate and Mike sat down to discuss our Goodreads Book of the Month: Batgirl and the Birds of Prey, Volume 1: Who Is Oracle? Goodreads Thread",p:35452345
2020-04-01,Saga of Saga: Issue 16,Brian Murray; Mike Rapin,2,saga-volume,,issue 16 -> volume 3,p:34602458
2020-04-04,Saga of Saga: Issue 17,Brian Murray; Mike Rapin,2,saga-volume,,issue 17 -> volume 3,p:34602486
2020-04-08,Saga of Saga: Issue 18,Brian Murray; Mike Rapin,2,saga-volume,,issue 18 -> volume 3,p:34633906
2020-04-11,Saga of Saga: Volume 3 Wrap,Brian Murray; Mike Rapin,2,saga-wrap+description,,Brian and Mike discuss the arc of Volume 3 of Saga!,p:34602522
2020-04-15,Saga of Saga: Issue 19,Kait Lamphere; Brian Murray,2,saga-volume,,issue 19 -> volume 4,p:35837055
2020-04-18,Saga of Saga: Issue 20,Kait Lamphere; Brian Murray,2,saga-volume,,issue 20 -> volume 4,p:35837374
2020-04-22,Saga of Saga: Issue 21,Kait Lamphere; Brian Murray,2,saga-volume,,issue 21 -> volume 4,p:35837429
2020-04-25,Saga of Saga: Issue 22,Kait Lamphere; Brian Murray,2,saga-volume,,issue 22 -> volume 4,p:35837430
2020-04-29,Saga of Saga: Issue 23,Kait Lamphere; Brian Murray,2,saga-volume,,issue 23 -> volume 4,p:35837432
2020-05-02,Saga of Saga: Issue 24,Kait Lamphere; Brian Murray,2,saga-volume,,issue 24 -> volume 4,p:35837433
2020-05-06,Saga of Saga: Volume 4 Wrap,Kara Szamborski; Brian Murray; Kait Lamphere,3,saga-wrap+description,,Kara joins Brian and Kait to discuss all of Volume 4 of Saga.,p:35837434
2020-05-09,Saga of Saga: Issue 25,Mike Rapin; Brian Murray,2,saga-volume,,issue 25 -> volume 5,p:35837679
2020-05-13,Saga of Saga: Issue 26,Mike Rapin; Brian Murray,2,saga-volume,,issue 26 -> volume 5,p:35837689
2020-05-16,Saga of Saga: Issue 27,Mike Rapin; Brian Murray,2,saga-volume,,issue 27 -> volume 5,p:35837691
2020-05-20,Saga of Saga: Issue 28,Mike Rapin; Brian Murray,2,saga-volume,,issue 28 -> volume 5,p:35837692
2020-05-23,Saga of Saga: Issue 29,Mike Rapin; Brian Murray,2,saga-volume,,issue 29 -> volume 5,p:35837694
2020-05-27,Saga of Saga: Issue 30,Mike Rapin; Brian Murray,2,saga-volume,,issue 30 -> volume 5,p:35837695
2020-05-30,Saga of Saga: Volume 5 Wrap,Brian Murray; Kait Lamphere; Mike Rapin,3,saga-wrap+description,,"Brian, Kait, and Mike discuss the complexities of Volume 5 of Saga.",p:35837700
2020-06-03,Saga of Saga: Issue 31,Kait Lamphere; Mike Rapin,2,saga-volume,,issue 31 -> volume 6,p:37737230
2020-06-06,Saga of Saga: Issue 32,Kait Lamphere; Mike Rapin,2,saga-volume,,issue 32 -> volume 6,p:37737343
2020-06-10,Saga of Saga: Issue 33,Kait Lamphere; Mike Rapin,2,saga-volume,,issue 33 -> volume 6,p:37737344
2020-06-13,Saga of Saga: Issue 34,Kait Lamphere; Mike Rapin,2,saga-volume,,issue 34 -> volume 6,p:37737347
2020-06-17,Saga of Saga: Issue 35,Kait Lamphere; Mike Rapin,2,saga-volume,,issue 35 -> volume 6,p:37737350
2020-06-18,May 2020 Goodreads Book of the Month: Uzumaki: Spiral Into Horror Vol. 1,Brian Murray; Nick White,2,description,,Brian and Nick (??!!!???) sat down to discuss May's Goodread's Book of the Month: Uzumaki: Spiral Into Horror Vol. 1 by Junji Ito. Goodreads Thread,p:38281020
2020-06-20,Saga of Saga: Issue 36,Kait Lamphere; Mike Rapin,2,saga-volume,,issue 36 -> volume 6,p:37738300
2020-06-24,Saga of Saga: Vol. 6 Wrap,Mike Rapin; Brian Murray; Kait Lamphere,3,saga-wrap+description,,"Mike, Brian, and Kait discuss Volume 6 of Saga!",p:37737351
2020-06-27,Saga of Saga: Issue 37,Brian Murray; Kara Szamborski,2,saga-volume,,issue 37 -> volume 7,p:38074395
2020-07-01,Saga of Saga: Issue 38,Brian Murray; Kara Szamborski,2,saga-volume,,issue 38 -> volume 7,p:38074430
2020-07-04,Saga of Saga: Issue 39,Brian Murray; Kara Szamborski,2,saga-volume,,issue 39 -> volume 7,p:38074433
2020-07-08,Saga of Saga: Issue 40,Brian Murray; Kara Szamborski,2,saga-volume,,issue 40 -> volume 7,p:38074435
2020-07-11,Saga of Saga: Issue 41,Brian Murray; Kara Szamborski,2,saga-volume,,issue 41 -> volume 7,p:38074436
2020-07-15,Saga of Saga: Issue 42,Brian Murray; Kara Szamborski,2,saga-volume,,issue 42 -> volume 7,p:38074438
2020-07-18,Saga of Saga: Vol. 7 Wrap,Brian Murray; Kara Szamborski; Mike Rapin,3,saga-wrap+description,,"Brian, Kara, and Mike wrap up volume 7 of Saga!",p:38074441
2020-07-22,Saga of Saga: Issue 43,Kait Lamphere; Brian Murray,2,saga-volume,,issue 43 -> volume 8,p:38995784
2020-07-25,Saga of Saga: Issue 44,Kait Lamphere; Brian Murray,2,saga-volume,,issue 44 -> volume 8,p:38996024
2020-07-29,Saga of Saga: Issue 45,Kait Lamphere; Brian Murray,2,saga-volume,,issue 45 -> volume 8,p:38996026
2020-08-01,Saga of Saga: Issue 46,Kait Lamphere; Brian Murray,2,saga-volume,,issue 46 -> volume 8,p:38996089
2020-08-02,July 2020 Goodreads Book of the Month: Strange Fruit: Uncelebrated Narratives from Black History,Kait Lamphere; Nick White,2,description,,Kait and Nick discussed this month's Goodreads Book of the Month: Strange Fruit: Uncelebrated Narratives from Black History by Joel Christian Gill.,p:39788732
2020-08-05,Saga of Saga: Issue 47,Kait Lamphere; Brian Murray,2,saga-volume,,issue 47 -> volume 8,p:38996091
2020-08-08,Saga of Saga: Issue 48,Kait Lamphere; Brian Murray,2,saga-volume,,issue 48 -> volume 8,p:38996092
2020-08-12,Saga of Saga Vol. 8 Wrap,Brian Murray; Kara Szamborski; Kait Lamphere,3,saga-wrap+description,,"Brian, Kara, and Kait discuss Volume 8 of Saga!",p:38996094
2020-08-15,Saga of Saga: Issue 49,Kara Szamborski; Mike Rapin,2,saga-volume,,issue 49 -> volume 9,p:40401332
2020-08-19,Saga of Saga: Issue 50,Kara Szamborski; Mike Rapin,2,saga-volume,,issue 50 -> volume 9,p:40401355
2020-08-22,Saga of Saga: Issue 51,Kara Szamborski; Mike Rapin,2,saga-volume,,issue 51 -> volume 9,p:40401358
2020-08-26,Saga of Saga: Issue 52,Kara Szamborski; Mike Rapin,2,saga-volume,,issue 52 -> volume 9,p:40401359
2020-08-29,Saga of Saga: Issue 53,Kara Szamborski; Mike Rapin,2,saga-volume,,issue 53 -> volume 9,p:40401360
2020-08-30,IRCB Movie Club #3: Tank Girl,Paul Jaissle; Mike Rapin; Brian Murray,3,series+description,,"As voted on by you wonderful folks, Paul, Mike, and Brian sat down to discuss Tank Girl (1995), ",p:41039187
2020-09-02,Saga of Saga: Issue 54,Kara Szamborski; Mike Rapin,2,saga-volume,,issue 54 -> volume 9,p:40401361
2020-09-05,Saga of Saga Vol. 9 Wrap (Series Wrap?),Brian Murray; Kara Szamborski; Kait Lamphere; Mike Rapin,4,saga-wrap+description,,"THIS IS IT. This is the last episode of Saga of Saga ! Brian, Kara, Kait, and Mike recount the final volume of Saga and the series as a whole. Thank you to everyone who has gone on",p:40401378
2020-09-28,"September 2020 Goodreads Book of the Month: Snow, Glass, Apples",Mike Rapin; Kait Lamphere,2,description,,"Mike and Kait dig into September's Goodreads Book of the Month: Snow, Glass, Apples by Neil Gaiman and Colleen Doran. What did you think of this retelling of the Snow White story? ",p:42096725
2020-11-29,IRCB Movie Club #4: Comic Book Confidential,Paul Jaissle; Mike Rapin; Brian Murray,3,series+description,,"Paul is joined, yet again, by Mike and Brian to discuss the film voted on by you wonderful humans: Comic Book Confidential (1988), ",p:44202613
2020-11-30,November 2020 Goodreads Book of the Month: Marvel 1602,Brian Murray; Nick White,2,description,,"Brian and Nick sat down to discuss the critically acclaimed Marvel 1602 by Neil Gaiman, Andy Kubert, and Richard Isanove. Goodreads Thread.",p:44348441
2021-02-12,Giant Days of Our Lives - Episode 2,Brian Murray; Kait Lamphere; Kara Szamborski,3,description,,"Brian, Kait, and Kara discuss Volume 2 of Giant Days (issues #5-8) by John Allison, Lissa Tremain, Max Sarin, Whitney Cogar, and Jim Campbell. See who each host thinks they resonat",p:45539773
2021-02-26,Giant Days of Our Lives - Episode 3,Brian Murray; Kait Lamphere; Kara Szamborski,3,description,,"Brian, Kait, and Kara discuss Volume 3 of Giant Days (issues #9-12) by John Allison, Lissa Tremain, Max Sarin, Whitney Cogar, and Jim Campbell. See who each host thinks they resona",p:47249318
2021-03-01,IRCB Movie Club #5: Spider-Man (2002),Paul Jaissle; Mike Rapin; Brian Murray,3,series+description,,"Paul , Mike and Brian sat down to discuss : Spider-Man (2002) ",p:48139593
2021-03-12,Giant Days of Our Lives - Episode 4,Brian Murray; Kait Lamphere; Kara Szamborski,3,description,,"Brian, Kait, and Kara discuss Volume 3 of Giant Days (issues #13-16) by John Allison, Lissa Tremain, Max Sarin, Whitney Cogar, and Jim Campbell. See who each host thinks they reson",p:47249514
2021-03-26,Giant Days of Our Lives - Episode 5,Brian Murray; Kait Lamphere; Kara Szamborski,3,description,,"Brian, Kait, and Kara discuss Volume 5 of Giant Days (#17-20) by John Allison, Max Sarin, Liz Fleming, Whitney Cogar, and Jim Campbell. See who each host thinks they resonated most",p:48216907
2021-03-28,March 2021 Goodreads Book of the Month: Superman Smashes The Klan,Mike Rapin; Paul Jaissle,2,description,,"As chosen by our Goodreads group, Mike and Paul discuss Superman Smashes The Klan by Gene Luen Yang and Gurihiru. Goodreads Thread Stop AAPI Hate Show your Support on GoFundMe",p:49213537
2021-03-30,Episode 279 | You Guys Ever Want To Kill Hitler? (ft. Zanne Domoney-Lyttle),Mike Rapin; Paul Jaissle,2,description,,"Mike and Paul are joined by special guest, Dr. Zanne Domoney-Lyttle, researcher and lecturer at the University of Glasgow at the intersection of The Bible and Popular Culture speci",p:49373665
2021-04-09,Giant Days of Our Lives - Episode 6,Brian Murray; Kait Lamphere; Kara Szamborski,3,description,,"Brian, Kait, and Kara discuss Volume 6 of Giant Days (issues #21-24) by John Allison, Max Sarin, Liz Fleming, Whitney Cogar, and Jim Campbell. See who each host thinks they resonat",p:48217010
2021-04-23,Giant Days of Our Lives - Episode 7,Brian Murray; Kait Lamphere; Kara Szamborski,3,description,,"Brian, Kait, and Kara discuss Volume 7 of Giant Days (#25-28) by John Allison, Max Sarin, Liz Fleming, Whitney Cogar, and Jim Campbell. See who each host thinks they resonated most",p:49681384
2021-05-07,Giant Days of Our Lives - Episode 8,Brian Murray; Kait Lamphere; Kara Szamborski,3,description,,"Brian, Kait, and Kara discuss Volume 8 of Giant Days (#29-32) by John Allison, Max Sarin, Liz Fleming, Whitney Cogar, and Jim Campbell. See who each host thinks they resonated most",p:49681385
2021-05-21,Giant Days of Our Lives - Episode 9,Brian Murray; Kait Lamphere; Kara Szamborski,3,description,,"Brian, Kait, and Kara discuss Volume 9 of Giant Days (#33-36) by John Allison, Max Sarin, Liz Fleming, Jenna Ayoub, Whitney Cogar, Jim Campbell. See who each host thinks they reson",p:50464395
2021-05-30,IRCB Movie Club #6: Josie and the Pussycats (2001),Paul Jaissle; Mike Rapin; Kara Szamborski,3,series+description,stand-in,"Paul, Mike, and special guest Kara dig into the classic film, Josie and the Pussycats (2001) . Written and ",p:51601381
2021-05-30,"May 2021 Goodreads Book of the Month: Once & Future, Vol. 1: The King is Undead",Kate Skocelas; Brian Murray,2,description,,"As chosen by our Goodreads group, Kate and Brian discuss Once &amp; Future, Vol. 1: The King is Undead by Kieron Gillen, Dan Mora, and Tamra Bonvillain. Goodreads Thread",p:51780986
2021-06-04,Giant Days of Our Lives - Episode 10,Brian Murray; Kait Lamphere; Kara Szamborski,3,description,,"Brian, Kait, and Kara discuss Volume 10 of Giant Days (#37-40) by John Allison, Max Sarin (issues 37 &amp; 40), Julia Madrigal (issues 38 &amp; 39), Whitney Cogar, and Jim Campbell",p:50464506
2021-06-18,Giant Days of Our Live - Episode 11,Brian Murray; Kait Lamphere; Kara Szamborski,3,description,,"Brian, Kait, and Kara discuss Volume 11 (#41-44, 2018 Holiday Special) by John Allison, Max Sarin (#41-44), John Allison (2018 Holiday Special, “Where Women Glow and Men Plunder”),",p:50832236
2021-06-26,Candybar Anterlerboy Episode 4 | Secret Sauce,Mike Rapin,1,description,,"Catch Mike's brand new miniseries discussing all 8 episodes of the Netflix TV series SWEET TOOTH based on the comic book by Jeff Lemire. Every week, you can catch Mike every Thursd",p:52901182
2021-07-02,Giant Days of Our Lives - Episode 12,Brian Murray; Kait Lamphere; Kara Szamborski,3,description,,"Brian, Kait, and Kara discuss Volume 12 (#45-48) by John Allison, Max Sarin (#45-#47), John Allison (#48), Whitney Cogar, and Jim Campbell. See who each host thinks they resonated ",p:50832367
2021-07-16,Giant Days of Our Lives - Episode 13,Brian Murray; Kait Lamphere; Kara Szamborski,3,description,,"Brian, Kait, and Kara discuss Volume 13 (#49-52) by John Allison, Max Sarin, with contributions by John Allison in #49, Whitney Cogar, and Jim Campbell. See who each host thinks th",p:52780654
2021-07-26,"July 2021 Goodreads Book of the Month: Dial H for Hero, Vol. 1: Enter the Heroverse",Kate Skocelas; Brian Murray,2,description,,"As chosen by our Goodreads group, Kate and Brian discuss Dial H for Hero, Vol. 1: Enter the Heroverse by Sam Humphries, Joe Quinones, Arist Deyn, Scott Hanna, Tom Fowler, and Mike ",p:54111882
2021-07-30,Giant Days of Our Live - Episode 14,Brian Murray; Kait Lamphere; Kara Szamborski,3,description,,"Brian, Kait, and Kara discuss Volume 14 (#53-54), ""Giant Days: As Time Goes By"" by John Allison, Max Sarin, Whitney Cogar, and Jim Campbell. See who each host thinks they resonated",p:52781159
2021-08-13,Giant Days of Our Lives - Episode 15: Extra Credit,Brian Murray; Kait Lamphere; Kara Szamborski,3,description,,"Brian, Kait, and Kara discuss Giant Days: Extra Credit... the FINAL episode of the series!!! Brian, Kait, and Kara discuss the ""last"" volume of Giant Days: Extra Credit “What Would",p:52781216
2021-08-29,IRCB Movie Club #7: My Friend Dahmer (2017),Paul Jaissle; Mike Rapin; Brian Murray,3,series+description,,"Paul, Mike, and Brian discuss the movie My Friend Dahmer (2017) written and ",p:55306367
2021-09-26,September 2021 Goodreads Book of the Month: Black Widow Vol. 1: The Ties That Bind,Mike Rapin; Brian Murray,2,description,,"As chosen by our Goodreads group, Mike and Brian read an Eisner Award winning comic from 2021: Black Widow Vol. 1: The Ties That Bind by Kelly Thompson, Elena Casagrande, Rafael de",p:56629625
2021-11-28,IRCB Movie Club #8: Constantine (2005),Paul Jaissle; Mike Rapin; Brian Murray,3,series+description,,"Paul, Mike, and Brian leap into hell with Constantine (2005) ",p:59137316
2021-11-29,November 2021 Goodreads Book of the Month: House of X / Powers of X,Mike Rapin; Kait Lamphere,2,description,,"As chosen by our Goodreads group, Mike and Kait take on the biggest event in recent X-Men history: House of X / Powers of X by Jonathan Hickman, Pepe Larraz, and R.B. Silva. Goodre",p:59254253
2021-12-24,IRCB Ep 300 Full Interviews,Paul Jaissle; Mike Rapin; Nick White,3,public-episode,,panel of public EP. 300,p:60102703
2021-12-31,Episode 300 Live Q&A,Paul Jaissle; Mike Rapin; Nick White,3,public-episode,,panel of public EP. 300,p:60159837
2022-02-22,Episode 318 | You Can't Just Be A Crony Anymore,Mike Rapin; René Rodriguez,2,description,,"Mike and René are joined by special guest, Gabe Cheng, to chat about comics and a bit about Gabe’s ongoing Kickstarter: The Problem With Parallels with artist Elisa Meneghel. Find ",p:62883633
2022-03-06,IRCB Movie Club #9: Dick Tracy (1990),Paul Jaissle; Mike Rapin,2,series+description,stand-in,"Paul and Mike are joined by a special guest, Jon from Best One Since The Next One podcast! This episode they're talking Dick Tracy (1990), ",p:63413844
2022-04-01,IRCB - The Phantom Menace (IRCB Audio Only),Mike Rapin; Tia Vasiliou; Kara Szamborski; Paul Jaissle; Brian Murray; Kait Lamphere,6,description,,"THE AUDIO VERSION - Press play on the movie and this audio at the same time and everything should sync up perfectly! Mike, Tia, Kara, Paul, Brian, and Kait sat down and watched Sta",p:64554314
2022-04-03,March 2022 Goodreads Book of the Month: Run,Brian Murray; Paul Jaissle,2,description,,"Brian and Paul picked a comic from our March BotM Thread to discuss: Run by John Lewis, Andrew Aydin, Nate Powell, and L. Fury. Enjoy!",p:64636254
2022-04-30,A Better Batmobile Episode 2 | Batman & Son,Paul Jaissle; Kara Szamborski,2,series+description,,"On this episode, Paul is joined by known Grant Morrison... hater? skeptic? disliker? Kara Szamborski! FULL SPOILERS for Batman #655-658, 663-666 Want a shirt? Grab one now on our s",p:64981721
2022-05-14,A Better Batmobile Episode 3 | Batman: The Black Glove,Paul Jaissle; Kara Szamborski,2,series+description,,Paul is joined again by Kara for this MASSIVE episode to fall further into the Morrison Batman saga. This time: Batman: The Black Glove! FULL SPOILERS for: Detective Comics #215 (i,p:66360288
2022-05-28,A Better Batmobile Episode 4 | Batman RIP,Paul Jaissle; Kara Szamborski,2,series+description,,Paul is joined again by Kara for another MASSIVE episode to fall further into the Morrison Batman saga. This time: Batman: RIP! FULL SPOILERS for: Batman #113 (included in the Batm,p:66460542
2022-05-29,IRCB Movie Club #10: Judge Dredd (1995) & Dredd (2012),Brian Murray; Mike Rapin; Paul Jaissle,3,series+description,,"For our 10th Movie Club, Brian and Mike join Paul for a double feature based on YOUR votes. Both movies are based on characters ",p:67052523
2022-05-29,May 2022 Goodreads Book of the Month - Runner Up Comics,Brian Murray; Kait Lamphere,2,description,,"This month, Brian and Kait dug into runner up comics from our previous months of Goodreads polls from 2017-2021. This month, Brian and Kait dug into runner up comics from our previ",p:67050829
2022-06-11,A Better Batmobile Episode 5 | Final Crisis & Batman RIP pt. 2,Paul Jaissle; Brian Murray,2,series+description,,Paul is joined by Brian as he is dropped in blind to the end of Batman RIP and pieces of the event known as Final Crisis. FULL SPOILERS for: Batman #156 Batman #682 &amp; 683 (incl,p:66905610
2022-06-25,A Better Batmobile Episode 6 | Batman & Robin Part 1,Paul Jaissle; René Rodriguez,2,series+description,,"Paul is joined by René to dig into the first 2/3s of Grant Morrison's Iconic series with Frank Quietly, Phillip Tan, Cameron Stewart, and Dustin Nguyen: Batman &amp; Robin. FULL SP",p:68223430
2022-07-09,A Better Batmobile Episode 7 | The Return of Bruce Wayne,Paul Jaissle; Kate Skocelas,2,series+description,,Paul is joined by Kate in an absolute deception by DC Comics with a new number 1 and a oversized anniversary issue (Paul’s favorite kind of comic). FULL SPOILERS for: The Return of,p:68668961
2022-07-17,IRCB - Attack of the Clones (IRCB Audio Only),Brian Murray; Kara Szamborski; Mike Rapin; Tia Vasiliou; Zander,5,description,,"THE AUDIO VERSION - Press play on the movie and this audio at the same time and everything should sync up perfectly! Brian, Kara, Mike, Tia, and Zander revisited Star Wars: Attack ",p:69190337
2022-07-23,A Better Batmobile Episode 8 | Batman and Robin Part 2 + Batman: The Return,Paul Jaissle; René Rodriguez,2,series+description,,René returns to A Better Batmobile to finish Batman and Robin and discuss Batman's return with Paul! FULL SPOILERS for: Batman and Robin #13-16 Batman: The Return Want a shirt? Gra,p:69440236
2022-08-06,A Better Batmobile Episode 9 | Batman Incorporated Part 1,Paul Jaissle; Kate Skocelas,2,series+description,,Kate joins Paul again… and again Kate is swindled by DC’s numbering to discuss the first part of Morrison’s Batman Incorporated run just before the New 52! This is the beginning of,p:70041034
2022-08-07,July 2022 Goodreads Book of the Month - Sports Comics,Mike Rapin; René Rodriguez,2,description,,"This month, Mike and René tackled July’s Book of the Month thread, Sports Comics! This month, Mike and René tackled July’s Book of the Month thread, Sports Comics! Rather than only",p:70041504
2022-08-20,A Better Batmobile Episode 10 | Batman Incorporated Part 2,Paul Jaissle; Mike Rapin,2,series+description,,Paul hosts Mike to wrap up the final two episodes of A Better Batmobile! FULL SPOILERS for: Batman Incorporated vol 2 #0-6 Want a shirt? Grab one now on our shop! Check out Paul's ,p:70725202
2022-08-27,IRCB - Revenge of the Sith (IRCB Audio Only),Daniel Martinez; Kara Szamborski; Kate Skocelas; Tia Vasiliou; Mike Rapin; Zander,6,description,,"THE AUDIO VERSION - Press play on the movie and this audio at the same time and everything should sync up perfectly! Danny, Kara, Kate, Tia, Mike, and Zander revisited Star Wars: R",p:70456126
2022-08-28,IRCB Movie Club #11: X2: X-Men United (2003),Paul Jaissle; Mike Rapin; Brian Murray,3,series+description,,"Paul is joined, yet again, by Mike and Brian to discuss the first major superhero movie sequel--as decided by YOU patrons-- X2: X-Men United . ",p:71047810
2022-09-03,A Better Batmobile Episode 11 | Batman Incorporated Part 3,Paul Jaissle; Mike Rapin,2,series+description,,Paul hosts Mike to wrap up the final two episodes of A Better Batmobile! This time... it's emotional. FULL SPOILERS for: Batman Incorporated vol 2 #7-13 Want a shirt? Grab one now ,p:71048539
2022-09-25,September 2022 Goodreads Book of the Month - 2022 Eisner Award Winners,Mike Rapin; Kait Lamphere; Zander,3,description,,"This month, Mike and Kait jump into September's Book of the Month theme, 2022 Eisner Award Winners! This month, they picked a two-in-one-special for this month's theme AND Zander",p:72219147
2022-10-30,Saga of Saga: Volume 10,Kait Lamphere; Kara Szamborski; Mike Rapin; Brian Murray,4,saga-volume-doc,,prep-doc notes under Volume 10,p:73977511
2022-11-27,IRCB Movie Club #12: Blade (1998),Paul Jaissle; Mike Rapin; Brian Murray,3,series+description,,"Paul and his vampire spawns, Mike and Brian, discuss the 1998 classic Blade . ",p:74959188
2022-11-27,November 2022 Goodreads Book of the Month - 2022 Eisner Award Winners,Mike Rapin; Kait Lamphere,2,description,,"This month, Mike and Kait jump into November's Book of the Month theme: Non-Traditionally Collected/Released Comics! Together, they picked Lore Olympus Vol. 1 - spoilers ahead! Che",p:74958525
2022-12-29,IRCB Live Episode,Brian Murray; Daniel Martinez; Mike Rapin,3,description,,"You may have been there live with us , but if not, Brian, Danny, and Mike tested a live broadcast to YouTube and Twitch in prep for a LIVE episode for our Annual Episode (more deta",p:76513390
2022-12-30,IRCB - The Princess Bride (1987),Kait Lamphere; Mike Rapin; Nick White,3,description,,THE AUDIO VERSION - Press play on the movie and this audio at the same time and everything should sync up perfectly! As requested by Tom for his Ultra-Fantastic Human Being episode,p:76522613
2023-01-29,IRCB's Best of 2022,,0,hold,hold,"the description lists whose picks were discussed, not who recorded — it names all ten regulars",p:77893616
2023-02-01,IRCB Episode 357 Q&A,Paul Jaissle; Kait Lamphere; Daniel Martinez; Mike Rapin,4,public-episode,,panel of public EP. 357,p:77662829
2023-02-27,IRCB Movie Club #13: Spider-Man: Into the Spider-Verse (2018),Paul Jaissle; Mike Rapin; Brian Murray,3,series+description,,"A multiversal episode in the making, Paul, Mike, and Brian are joined by Kev from the Austin Danger Podcast to talk about Spider-Man: Into The Spider-Verse! Is this the best super ",p:79256069
2023-03-26,A Better Batmobile S02E01: The Untold Legend of the Batman,Paul Jaissle; Mike Rapin,2,series+description,,"SEASON TWO BEGINS HERE! Paul is joined by Mike to discuss one of Paul's favorite Batman stories, The Untold Legend of the Batman. Mike asks the question: Is this the best Batman st",p:80536571
2023-04-30,Mike's X-Men Blind Box (Pilot),Mike Rapin; Brian Murray; Paloma Deerfield; Kara Szamborski,4,description,,"Mike asked Brian, Paloma, and Kara to travel blindly with him into the depths of X-Men... In a chaotic move, Mike asked Brian, Paloma, and Kara to travel blindly with him into the ",p:81901237
2023-05-16,I Read Comic Books Episode 373 | ”Intention to Arouse” (ft. Amie Wright),Mike Rapin; Paul Jaissle; Tia Vasiliou,3,description,,"Mike, Paul, and Tia are joined by Amie Wright, chairperson on the Graphic Novels and Comics Round Table committee within the American Library Association to talk comic book challen",p:83065218
2023-05-28,IRCB Movie Club #14: American Splendor (2003),Paul Jaissle; Mike Rapin; Brian Murray,3,series+description,,Paul finally got his wish and Mike and Brian had to endure it as they watched American Splendor (2003). You'll be surprised how the whole group felt about this movie. But we still ,p:83603009
2023-06-26,A Better Batmobile S02E02: Batman in the 1940s,Paul Jaissle; Daniel Martinez,2,series+description,,"SEASON TWO CONTINUES! Paul is joined by our OTHER resident Batman expert, Danny, to discuss a whole slew of Batman comics from the 1940s ( spoiler warning ): “The Case of the Chemi",p:85158195
2023-07-11,Minisode 61 | Ice Cream Man Vol. 8,,0,public-counterpart,not-patreon-exclusive,Minisode 61 | Ice Cream Man Volume 8: Subjects & Objects,p:85909675
2023-08-15,Mike's X-Men Blind Box #2 | X-Men: Deadly Genesis,Mike Rapin; Daniel Martinez; Kate Skocelas,3,description,,"The chaos of this series continues. Mike gets his hooks into Danny and Kate for another episode of the Blind Box. This time, they're reading X-Men: Deadly Genesis and Giant Sized X",p:87648692
2023-08-27,IRCB Movie Club #15: Spider-Man: Across the Spider-Verse,Paul Jaissle; Mike Rapin; Brian Murray,3,series+description,,"Movie Club fans rejoice! Paul, Mike, and Brian welcome back our good pal Kev from the Austin Danger Podcast to discuss the super hero movie of the summer: Spider-Man: Across The Sp",p:88339424
2023-09-25,A Very Archie Halloween!,Kate Skocelas; Kara Szamborski,2,description,,"October is right around the corner and Kate and Kara want you to be prepared with some of the best Halloween comics around: Archie! For this episode, they read and discussed: Pep D",p:89779350
2023-10-29,A Better Batmobile S02E03: Batman in the 1950s,Paul Jaissle; René Rodriguez,2,series+description,,"SEASON TWO CONTINUES! René is back with your ever-present host, Paul, to talk about Batman in the 1950s covering... ( spoiler warning ): “The Batmen of All Nations!” Detective Comi",p:91548661
2023-12-18,IRCB Movie Club #16: Oldboy (2003),Paul Jaissle; Mike Rapin; Brian Murray,3,series+description,,"Traveling back to 2003 Korea, Paul, Mike, and Brian discuss the extremely violent and time-capsule film known as Oldboy (2003) . Is this movie too edgy to be good or is this a fant",p:94845643
2023-12-31,IRCB comiXology Memoriam,Mike Rapin; Tia Vasiliou; Kara Szamborski; Daniel Martinez; Zach McCrary,5,description,,"Mike, Tia, Kara, Danny, and Zach sat down to talk about their time with and/or working for comiXology--the good, the bad, and the future. This is a really personal discussion and w",p:95136385
2024-02-02,A Better Batmobile S02E04: The Silver Age,Paul Jaissle; Kara Szamborski,2,series+description,,Kara joins Paul to dig into the Silver Age of Batman! ( spoiler warning ) This episode covers: “Batman - The Superman of Planet X” Batman # 113 (1958) “...Meets Bat-Mite!” Detectiv,p:97681247
2024-02-25,IRCB Movie Club #17: King of Comedy (1982),Paul Jaissle; Mike Rapin; Brian Murray,3,series+description,,"Paul, Mike, and Brian discuss our first ever Comic Book-Adjacent movie of this (4-year+!?) series: King of Comedy (1982) . How much of this movie did Joker (2019) take inspiration ",p:99184817
2024-03-31,Saga of Saga: Volume 11,Kait Lamphere; Kara Szamborski; Mike Rapin,3,saga-volume-doc,,prep-doc notes under Volume 11,p:101434946
2024-04-28,A Better Batmobile S02E05: Bang! Pow! Batman!,Paul Jaissle; Brian Murray,2,series+description,,"Paul is joined by Brian to watch and discuss the 1966 Batman film! Plus, they dig into two Batman comics from the 1960s: “The Mystery of the Menacing Mask!” Detective Comics #237 (",p:102871577
2024-06-04,Party-Boy Wayne,Mike Rapin; Kara Szamborski,2,description,,Mike and Kara are joined by Bijhan Agha to talk comics and Bijhan's latest Kickstarter for Kobra Olympus #2! Links for this week's show: Check out the Kobra Olympus #2 Kickstarter!,p:105533453
2024-06-05,IRCB Movie Club #18: Watchmen (2009),Paul Jaissle; Brian Murray; Mike Rapin,3,series+description,,"Fair warning: Paul, Brian, and Mike tried to find something they liked about Watchmen (2009) . They get there, but it takes some time. ",p:105600333
2024-06-30,Even. More. Kickstarters,Kait Lamphere; Mike Rapin,2,description,,Kait and Mike talk about MORE KICKSTARTERS THEY LOVE. That's it. That's the episode. Here's the full show notes: More KICKSTARTERS! Mike exMag (PEOW) A Frog In The Fall Linnea Ster,p:105976405
2024-07-30,A Better Batmobile S02E06: Batman in the 1970s,Paul Jaissle; Daniel Martinez,2,series+description,,Paul is joined by Danny to talk about Batman in the 1970s! Issues Covered: “One Bullet Too Many! Batman #217 (1969) “The Secret of the Waiting Graves” Detective Comics #395 (1970) ,p:109070847
2024-09-29,The Comics That We Love - Bucky Barnes: The Winter Soldier,Tia Vasiliou; Zach McCrary,2,description,,This episode originally aired on The Comics That We Love podcast feed as episode 98. Tia and Zach have an incredible discussion about Bucky Barnes: Winter Solider and somehow manag,p:110989356
2024-10-13,IRCB Movie Club #19: Hellboy (2004),Paul Jaissle; Mike Rapin; Brian Murray,3,series+description,,"Paul hosts Mike and Brian in a discussion of a comic book movie they were all very pleased to watch. Nothing better than Ron Perlman as Hellboy, right? ",p:113581774
2024-11-14,A Better Batmobile S02E07: Batman in the 1980s,Paul Jaissle; Mike Rapin,2,series+description,,Paul hosts Mike in this episode to talk about the violence and iconic stories of Batman in the 1980s. Comics Discussed: “The Laughing Fish!” Detective Comics #475 (1978) “The Kill ,p:115829680
2024-12-15,IRCB Movie Club #20: 30 Days of Night (2007),Paul Jaissle; Mike Rapin; Brian Murray,3,series+description,,"Paul, Mike, and Brian dig into a wintery horror comic based movie just in time for it to really get cold (in the Northern US, at least)! ",p:118033707
2024-12-30,Kraven the Hunter (2024),Mike Rapin; Kara Szamborski; Daniel Martinez,3,description,,"Mike, Kara, and Danny all saw Kraven the Hunter (2024) . Mike has a meltdown. Kara tries to understand. Danny keeps the peace. Full spoilers ahead.",p:118922509
2025-02-09,A Better Batmobile S02E08: Batman in the 1990s!,Paul Jaissle; Kara Szamborski,2,series+description,,"Paul and Kara dig into the world of Batman in the 1990s and a bit of Paul's origins in Batman comics! “The Many Deaths of Batman” Batman #433-435 (1989) “Dark Knight, Dark City” Ba",p:121872830
2025-03-03,IRCB Movie Club #21: Superman Returns (2006),Paul Jaissle; Brian Murray; Mike Rapin,3,series+description,,"Paul, Brian, and Mike sit down for a challenging discussion about Superman Returns (2006) and a read of Superman '78 #1 -5 from DC Comics by Robert Venditti, Wilfredo Torres, Jordi",p:123499869
2025-04-27,A Better Batmobile S02E09: Morrison’s JLA,Paul Jaissle; Brian Murray,2,series+description,,Paul is back with Brian for the penultimate episode of season 2 A Better Batmobile! This time focusing on two arcs of JLA by Grant Morrison. Comics covered in this episode: “New Wo,p:127602350
2025-06-10,IRCB Movie Club #22: Edge of Tomorrow (2014),Paul Jaissle; Mike Rapin; Brian Murray,3,series+description,,"Paul, Mike, and Brian watch a movie YOU voted on from our theme: Cruisin' For A Brusin'. This time - Edge of Tomorrow (2014). Who loved this one? Who hated it? LISTEN AND FIND OUT.",p:131118621
2025-08-14,A Better Batmobile S02E10: Batman in the 21st Century,Paul Jaissle; Daniel Martinez,2,series+description,,The FINAL episode of A Better Batmobile Season 2! Paul is joined by Danny to discuss the Batman stories that led right up to Grant Morrison's run on Batman. Comics covered in this ,p:136363588
2025-08-31,IRCB Movie Club #23: Train to Busan (2016),Paul Jaissle; Mike Rapin; Brian Murray,3,series+description,,"Paul, Mike, and Brian dig into one of Brian's favorite films on this episode of IRCB Movie Club! ",p:137355839
2025-09-07,Wic+Div Uncovered with Kara and Tia #6,Kara Szamborski; Tia Vasiliou,2,title,,Wic+Div Uncovered with Kara and Tia #6,p:137355995
2025-10-05,Wic+Div Uncovered with Kara and Tia #7,Kara Szamborski; Tia Vasiliou,2,title,,Wic+Div Uncovered with Kara and Tia #7,p:137356453
2025-10-27,Saga of Saga Vol. 12,Kait Lamphere; Mike Rapin,2,saga-volume-doc,,prep-doc notes under Volume 12,p:142139052
2025-11-02,Wic+Div Uncovered with Kara and Tia #8,Kara Szamborski; Tia Vasiliou,2,title,,Wic+Div Uncovered with Kara and Tia #8,p:142139207
2025-12-07,Wic+Div Uncovered with Kara and Tia #9,Kara Szamborski; Tia Vasiliou,2,title,,Wic+Div Uncovered with Kara and Tia #9,p:144544524
2025-12-21,IRCB Movie Club #24: Hackers (1995),Paul Jaissle; Brian Murray; Mike Rapin,3,series+description,,Paul and Brian go on a journey into the prepubescent mind of Mike in ,p:145952293
2026-01-11,Wic+Div Uncovered with Kara and Tia #10,Kara Szamborski; Tia Vasiliou,2,title,,Wic+Div Uncovered with Kara and Tia #10,p:147612069
2026-02-08,Wic+Div Uncovered with Kara and Tia #11,Kara Szamborski; Tia Vasiliou,2,title,,Wic+Div Uncovered with Kara and Tia #11,p:147612443
2026-02-22,IRCB Movie Club #25: Repo Man (1984),Paul Jaissle; Mike Rapin; Brian Murray,3,series+description,,"Paul, Mike, and Brian discuss Repo Man as voted on by YOU! They talk about the soundtrack, the action scenes, the 1980s of it all, and if the plot was even important. Written and ",p:151395534
2026-03-29,Patreon Exclusive! Comics Adapted from Novels,Kait Lamphere; Daniel Martinez; René Rodriguez,3,description,,"Kait, Danny, and René discuss comics that were prose novels first. All You Need is Kill The Hedge Knight Song of the Lioness.",p:153789421
2026-06-09,IRCB Movie Club #26: The Rocketeer (1991),Paul Jaissle; Mike Rapin; Brian Murray,3,series+description,,"Paul, Mike, and Brian tackle a Disney Classic(?) ",p:160467560
2026-06-28,I Read Star Wars Comic Books: Maul Rats,Kara Szamborski; Brian Murray,2,description,,"Kara and Brian are back on their Star Wars BS, this time discussing the recent Star Wars TV series Maul: Shadow Lord and revisiting the comic series Star Wars: Darth Maul #1-5 ",p:162272835
2026-07-26,Heroes & Oreos: IRCB Reads JLI #1,Kara Szamborski; Paul Jaissle,2,description,,"A new era of the Justice League begins amid a high watermark of tension in the Cold War - this story is very firmly grounded in the politics of its day, including specific mentions",p:164118675
2026-08-11,Post Credits: Everywhere Bagel (ft. Matt Burbridge),,0,,none-found,"Will Gambit and Doom kiss in Avengers: Doomsday (the guys try to predict the movie), Matt tells us about life in New Hampshire and potentially teaching comics students how to netwo",p:166352436
