bucket,term,type,episodes,note,mike decision
1-maybe-a-comic,universal monsters,topic,4,may be a comic — a mention string starts with this,"yes, comic"
1-maybe-a-comic,age of x-man,topic,2,may be a comic — a mention string starts with this,"yes, comic"
1-maybe-a-comic,backstagers,topic,2,may be a comic — a mention string starts with this,"yes, comic"
1-maybe-a-comic,beastlands,topic,2,may be a comic — a mention string starts with this,"yes, comic"
1-maybe-a-comic,deadpool,topic,2,may be a comic — a mention string starts with this,"yes, comic"
1-maybe-a-comic,doctor strange,topic,2,may be a comic — a mention string starts with this,"yes, comic"
1-maybe-a-comic,garfield,topic,2,may be a comic — a mention string starts with this,"yes, comic"
1-maybe-a-comic,gargoyles,topic,2,may be a comic — a mention string starts with this,"yes, comic"
1-maybe-a-comic,godzilla,topic,2,may be a comic — a mention string starts with this,"yes, comic"
1-maybe-a-comic,hellraiser,topic,2,may be a comic — a mention string starts with this,"yes, comic"
1-maybe-a-comic,kobra olympus,topic,2,may be a comic — a mention string starts with this,"yes, comic"
1-maybe-a-comic,legacy of vader,topic,2,may be a comic — a mention string starts with this,"yes, comic"
1-maybe-a-comic,megg and mogg,topic,2,may be a comic — a mention string starts with this,"yes, comic"
1-maybe-a-comic,the rocketeer,topic,2,may be a comic — a mention string starts with this,"yes, comic"
1-maybe-a-comic,13th moon,topic,1,may be a comic — a mention string starts with this,"yes, comic"
1-maybe-a-comic,a girl called echo,topic,1,may be a comic — a mention string starts with this,"yes, comic"
1-maybe-a-comic,aquaman/jabberjaw,topic,1,may be a comic — a mention string starts with this,"yes, comic"
1-maybe-a-comic,batman: one bad day,topic,1,may be a comic — a mention string starts with this,"yes, comic"
1-maybe-a-comic,black canary,topic,1,may be a comic — a mention string starts with this,"yes, comic"
1-maybe-a-comic,blade of the immortal,topic,1,may be a comic — a mention string starts with this,"yes, comic"
1-maybe-a-comic,blow away,topic,1,may be a comic — a mention string starts with this,"yes, comic"
1-maybe-a-comic,bone orchard mythos,topic,1,may be a comic — a mention string starts with this,"yes, comic"
1-maybe-a-comic,cheer up,topic,1,may be a comic — a mention string starts with this,"yes, comic"
1-maybe-a-comic,cheetah & chesire rob the justice league,topic,1,may be a comic — a mention string starts with this,"yes, comic"
1-maybe-a-comic,class act,topic,1,may be a comic — a mention string starts with this,"yes, comic"
1-maybe-a-comic,constantine,topic,1,may be a comic — a mention string starts with this,"yes, comic"
1-maybe-a-comic,cook korean,topic,1,may be a comic — a mention string starts with this,"yes, comic"
1-maybe-a-comic,corto maltese,topic,1,may be a comic — a mention string starts with this,"yes, comic"
1-maybe-a-comic,crimson fall,topic,1,may be a comic — a mention string starts with this,"yes, comic"
1-maybe-a-comic,demon slayer,topic,1,may be a comic — a mention string starts with this,"yes, comic"
1-maybe-a-comic,disney manga: stitch and the samurai,topic,1,may be a comic — a mention string starts with this,"yes, comic"
1-maybe-a-comic,dragonball,topic,1,may be a comic — a mention string starts with this,"yes, comic"
1-maybe-a-comic,eddie brock,topic,1,may be a comic — a mention string starts with this,"yes, comic"
1-maybe-a-comic,essential judge death,topic,1,may be a comic — a mention string starts with this,"yes, comic"
1-maybe-a-comic,family tree,topic,1,may be a comic — a mention string starts with this,"yes, comic"
1-maybe-a-comic,flung out of space,topic,1,may be a comic — a mention string starts with this,"yes, comic"
1-maybe-a-comic,frankenstein,topic,1,may be a comic — a mention string starts with this,"yes, comic"
1-maybe-a-comic,future shock,topic,1,may be a comic — a mention string starts with this,"yes, comic"
1-maybe-a-comic,gloomhaven,topic,1,may be a comic — a mention string starts with this,"yes, comic"
1-maybe-a-comic,gotham academy,topic,1,may be a comic — a mention string starts with this,"yes, comic"
1-maybe-a-comic,grrl scouts,topic,1,may be a comic — a mention string starts with this,"yes, comic"
1-maybe-a-comic,heaven’s official blessings,topic,1,may be a comic — a mention string starts with this,"yes, comic"
1-maybe-a-comic,hellboy and the bprd,topic,1,may be a comic — a mention string starts with this,"yes, comic"
1-maybe-a-comic,ice haven,topic,1,may be a comic — a mention string starts with this,"yes, comic"
1-maybe-a-comic,in the pines,topic,1,may be a comic — a mention string starts with this,"yes, comic"
1-maybe-a-comic,jay & silent bob,topic,1,may be a comic — a mention string starts with this,"yes, comic"
1-maybe-a-comic,jla/doom patrol,topic,1,may be a comic — a mention string starts with this,"yes, comic"
1-maybe-a-comic,john constantine,topic,1,may be a comic — a mention string starts with this,"yes, comic"
1-maybe-a-comic,kim & kim,topic,1,may be a comic — a mention string starts with this,"yes, comic"
1-maybe-a-comic,kingdom hearts,topic,1,may be a comic — a mention string starts with this,"yes, comic"
1-maybe-a-comic,kingsman,topic,1,may be a comic — a mention string starts with this,"yes, comic"
1-maybe-a-comic,little monsters,topic,1,may be a comic — a mention string starts with this,"yes, comic"
1-maybe-a-comic,little white duck,topic,1,may be a comic — a mention string starts with this,"yes, comic"
1-maybe-a-comic,lobster is the best medicine,topic,1,may be a comic — a mention string starts with this,"yes, comic"
1-maybe-a-comic,lost marvels,topic,1,may be a comic — a mention string starts with this,"yes, comic"
1-maybe-a-comic,mass effect,topic,1,may be a comic — a mention string starts with this,"yes, comic"
1-maybe-a-comic,megg & mogg,topic,1,may be a comic — a mention string starts with this,"yes, comic"
1-maybe-a-comic,merry x-men,topic,1,may be a comic — a mention string starts with this,"yes, comic"
1-maybe-a-comic,monster matador,topic,1,may be a comic — a mention string starts with this,"yes, comic"
1-maybe-a-comic,mr. muffins: defender of the stars,topic,1,may be a comic — a mention string starts with this,"yes, comic"
1-maybe-a-comic,nerd inferno,topic,1,may be a comic — a mention string starts with this,"yes, comic"
1-maybe-a-comic,palestine,topic,1,may be a comic — a mention string starts with this,"yes, comic"
1-maybe-a-comic,peacemaker,topic,1,may be a comic — a mention string starts with this,"yes, comic"
1-maybe-a-comic,peter parker,topic,1,may be a comic — a mention string starts with this,"yes, comic"
1-maybe-a-comic,plastic man,topic,1,may be a comic — a mention string starts with this,"yes, comic"
1-maybe-a-comic,power man and iron fist,topic,1,may be a comic — a mention string starts with this,"yes, comic"
1-maybe-a-comic,prince of cats,topic,1,may be a comic — a mention string starts with this,"yes, comic"
1-maybe-a-comic,punk’n heads,topic,1,may be a comic — a mention string starts with this,"yes, comic"
1-maybe-a-comic,question,topic,1,may be a comic — a mention string starts with this,"yes, comic"
1-maybe-a-comic,resurrection man,topic,1,may be a comic — a mention string starts with this,"yes, comic"
1-maybe-a-comic,sailor twain,topic,1,may be a comic — a mention string starts with this,"yes, comic"
1-maybe-a-comic,seek you,topic,1,may be a comic — a mention string starts with this,"yes, comic"
1-maybe-a-comic,serenity,topic,1,may be a comic — a mention string starts with this,"yes, comic"
1-maybe-a-comic,spider-gwen,topic,1,may be a comic — a mention string starts with this,"yes, comic"
1-maybe-a-comic,spider-punk,topic,1,may be a comic — a mention string starts with this,"yes, comic"
1-maybe-a-comic,spy island,topic,1,may be a comic — a mention string starts with this,"yes, comic"
1-maybe-a-comic,starscream,topic,1,may be a comic — a mention string starts with this,"yes, comic"
1-maybe-a-comic,steins;gate,topic,1,may be a comic — a mention string starts with this,"yes, comic"
1-maybe-a-comic,superman: the warworld,topic,1,may be a comic — a mention string starts with this,"yes, comic"
1-maybe-a-comic,teen titans,topic,1,may be a comic — a mention string starts with this,"yes, comic"
1-maybe-a-comic,the amory wars,topic,1,may be a comic — a mention string starts with this,"yes, comic"
1-maybe-a-comic,the crown,topic,1,may be a comic — a mention string starts with this,"yes, comic"
1-maybe-a-comic,the cursed earth,topic,1,may be a comic — a mention string starts with this,"yes, comic"
1-maybe-a-comic,the last american,topic,1,may be a comic — a mention string starts with this,"yes, comic"
1-maybe-a-comic,the mask,topic,1,may be a comic — a mention string starts with this,"yes, comic"
1-maybe-a-comic,the midnight,topic,1,may be a comic — a mention string starts with this,"yes, comic"
1-maybe-a-comic,the mortal instruments,topic,1,may be a comic — a mention string starts with this,"yes, comic"
1-maybe-a-comic,the order of the nun-ya,topic,1,may be a comic — a mention string starts with this,"yes, comic"
1-maybe-a-comic,the raven boys,topic,1,may be a comic — a mention string starts with this,"yes, comic"
1-maybe-a-comic,the star wars,topic,1,may be a comic — a mention string starts with this,"yes, comic"
1-maybe-a-comic,the transformers,topic,1,may be a comic — a mention string starts with this,"yes, comic"
1-maybe-a-comic,the twilight man,topic,1,may be a comic — a mention string starts with this,"yes, comic"
1-maybe-a-comic,the wrong earth,topic,1,may be a comic — a mention string starts with this,"yes, comic"
1-maybe-a-comic,this beautiful,topic,1,may be a comic — a mention string starts with this,"yes, comic"
1-maybe-a-comic,this seems normal,topic,1,may be a comic — a mention string starts with this,"yes, comic"
1-maybe-a-comic,time wars,topic,1,may be a comic — a mention string starts with this,"yes, comic"
1-maybe-a-comic,twilight,topic,1,may be a comic — a mention string starts with this,"yes, comic"
1-maybe-a-comic,uncle scrooge,topic,1,may be a comic — a mention string starts with this,"yes, comic"
1-maybe-a-comic,vox machina,topic,1,may be a comic — a mention string starts with this,"yes, comic"
1-maybe-a-comic,wake now in the fire: a story of censorship,topic,1,may be a comic — a mention string starts with this,"yes, comic"
1-maybe-a-comic,walt disney's uncle scrooge: only a poor old man,topic,1,may be a comic — a mention string starts with this,"yes, comic"
1-maybe-a-comic,z class: trix,topic,1,may be a comic — a mention string starts with this,"yes, comic"
2-topic-on-3-plus,goodreads,topic,49,,Topic
2-topic-on-3-plus,interview,topic,36,,Topic
2-topic-on-3-plus,manga,topic,36,,Topic
2-topic-on-3-plus,kickstarter,topic,34,,Topic
2-topic-on-3-plus,netflix,topic,16,,Topic
2-topic-on-3-plus,reading challenge,topic,9,,Topic
2-topic-on-3-plus,indie comics,topic,7,,Topic
2-topic-on-3-plus,guest,topic,6,,Topic
2-topic-on-3-plus,annual,topic,5,,Topic
2-topic-on-3-plus,eccc,topic,5,,Topic
2-topic-on-3-plus,reading comics,topic,5,,Topic
2-topic-on-3-plus,anthology,topic,4,,Topic
2-topic-on-3-plus,bonus minisode,topic,4,,Series Type
2-topic-on-3-plus,hoxpox,topic,4,,Topic
2-topic-on-3-plus,movies,topic,4,,Topic
2-topic-on-3-plus,panelist series,topic,4,,Series Type
2-topic-on-3-plus,patreon,topic,4,,Topic
2-topic-on-3-plus,q&a,topic,4,,Topic
2-topic-on-3-plus,television,topic,4,,Topic
2-topic-on-3-plus,wrestling,topic,4,,Topic
2-topic-on-3-plus,anime,topic,3,,Topic
2-topic-on-3-plus,c2e2,topic,3,,Topic
2-topic-on-3-plus,candybar antlerboy,topic,3,,Series Name
2-topic-on-3-plus,comic book time machine,topic,3,,Topic
2-topic-on-3-plus,comic collecting,topic,3,,Topic
2-topic-on-3-plus,cryptids,topic,3,,Topic
2-topic-on-3-plus,digital comics,topic,3,,Topic
2-topic-on-3-plus,disney,topic,3,,Topic
2-topic-on-3-plus,eisner awards,topic,3,,Topic
2-topic-on-3-plus,halloween,topic,3,,Topic
2-topic-on-3-plus,horror,topic,3,,Topic
2-topic-on-3-plus,libraries,topic,3,,Topic
2-topic-on-3-plus,mcu,topic,3,,Topic
2-topic-on-3-plus,minisode,topic,3,,Series Type
2-topic-on-3-plus,new 52,topic,3,,Topic
2-topic-on-3-plus,patreon exclusive,topic,3,,Series Type
2-topic-on-3-plus,spoilers,topic,3,,Topic
2-topic-on-3-plus,the walking dead,topic,3,,Topic
2-topic-on-3-plus,this is not an interview,topic,3,,Series Name
2-topic-on-3-plus,variant covers,topic,3,,Topic
2-topic-on-3-plus,webtoons,topic,3,,Topic
3-publisher,image comics,publisher,28,,Publisher
3-publisher,marvel,publisher,14,,Publisher
3-publisher,dc comics,publisher,9,,Publisher
3-publisher,2000ad,publisher,7,,Publisher
3-publisher,fantagraphics,publisher,7,,Publisher
3-publisher,dark horse,publisher,5,,Publisher
3-publisher,boom studios,publisher,4,,Publisher
3-publisher,idw,publisher,4,,Publisher
3-publisher,mad cave studios,publisher,4,,Publisher
3-publisher,silver sprocket,publisher,4,,Publisher
3-publisher,comixology originals,publisher,3,,Publisher
3-publisher,kodansha,publisher,3,,Publisher
3-publisher,vertigo,publisher,3,,Publisher
3-publisher,black mask,publisher,2,,Publisher
3-publisher,comixology,publisher,2,,Publisher
3-publisher,dismay comics,publisher,2,,Publisher
3-publisher,oni press,publisher,2,,Publisher
3-publisher,peow,publisher,2,,Publisher
3-publisher,titan comics,publisher,2,,Publisher
3-publisher,vault comics,publisher,2,,Publisher
3-publisher,viz,publisher,2,,Publisher
3-publisher,123 go publications,publisher,1,,Publisher
3-publisher,ahoy comics,publisher,1,,Publisher
3-publisher,disney manga,publisher,1,,Publisher
3-publisher,drawn & quarterly,publisher,1,,Publisher
3-publisher,skybound,publisher,1,,Publisher
4-creator,jeff lemire,creator,17,,creator
4-creator,martin morazzo,creator,7,,creator
4-creator,jamie mckelvie,creator,6,,creator
4-creator,w. maxwell prince,creator,6,,creator
4-creator,grant morrison,creator,5,,creator
4-creator,kieron gillen,creator,5,,creator
4-creator,jesse lonergan,creator,4,,creator
4-creator,ed brubaker,creator,3,,creator
4-creator,jack kirby,creator,3,,creator
4-creator,kelly thompson,creator,3,,creator
4-creator,matt hollingsworth,creator,3,,creator
4-creator,matt kindt,creator,3,,creator
4-creator,stephanie hans,creator,3,,creator
4-creator,al ewing,creator,2,,creator
4-creator,alan moore,creator,2,,creator
4-creator,cavan scott,creator,2,,creator
4-creator,chip zdarsky,creator,2,,creator
4-creator,chris solis,creator,2,,creator
4-creator,christian ward,creator,2,,creator
4-creator,dave baker,creator,2,,creator
4-creator,david pepose,creator,2,,creator
4-creator,gabe cheng,creator,2,,creator
4-creator,james tynion iv,creator,2,,creator
4-creator,kevvo,creator,2,,creator
4-creator,natasha alterici,creator,2,,creator
4-creator,ryan browne,creator,2,,creator
4-creator,scott snyder,creator,2,,creator
4-creator,zack kaplan,creator,2,,creator
4-creator,a.c. ironside,creator,1,,creator
4-creator,adam ferris,creator,1,,creator
4-creator,alex de campi,creator,1,,creator
4-creator,amie wright,creator,1,,creator
4-creator,ari gross,creator,1,,creator
4-creator,asia simone,creator,1,,creator
4-creator,aubrey lyn jeppson,creator,1,,creator
4-creator,becky cloonan,creator,1,,creator
4-creator,ben saunders,creator,1,,creator
4-creator,bijhan agha,creator,1,,creator
4-creator,box brown,creator,1,,creator
4-creator,brandon ingram,creator,1,,creator
4-creator,brian mccray,creator,1,,creator
4-creator,brian michael bendis,creator,1,,creator
4-creator,bryan lee o'malley,creator,1,,creator
4-creator,buster moody,creator,1,,creator
4-creator,caleb goellner,creator,1,,creator
4-creator,chip mosher,creator,1,,creator
4-creator,chris sebela,creator,1,,creator
4-creator,ck carpenter,creator,1,,creator
4-creator,claire connelly,creator,1,,creator
4-creator,cooper anderson,creator,1,,creator
4-creator,daniel clowes,creator,1,,creator
4-creator,deniz camp,creator,1,,creator
4-creator,dominic archer,creator,1,,creator
4-creator,elsa charretier,creator,1,,creator
4-creator,emily pearson,creator,1,,creator
4-creator,eric rezsnyak,creator,1,,creator
4-creator,erica schultz,creator,1,,creator
4-creator,fiona staples,creator,1,,creator
4-creator,fred c. stresing,creator,1,,creator
4-creator,greg rucka,creator,1,,creator
4-creator,henry barajas,creator,1,,creator
4-creator,jon bois,creator,1,,creator
4-creator,jonathan hickman,creator,1,,creator
4-creator,julio anta,creator,1,,creator
4-creator,kelly fitzpatrick,creator,1,,creator
4-creator,kevin dillon,creator,1,,creator
4-creator,kevin maher,creator,1,,creator
4-creator,kwanza osajyefo,creator,1,,creator
4-creator,lucy knisley,creator,1,,creator
4-creator,magdalene visaggio,creator,1,,creator
4-creator,malachi ward,creator,1,,creator
4-creator,marc casili,creator,1,,creator
4-creator,mark waid,creator,1,,creator
4-creator,martín morazzo,creator,1,,creator
4-creator,matt burbridge,creator,1,,creator
4-creator,megan rae,creator,1,,creator
4-creator,mike mignola,creator,1,,creator
4-creator,neil gaiman,creator,1,,creator
4-creator,oscar osorio,creator,1,,creator
4-creator,pat shand,creator,1,,creator
4-creator,phoebe xavier,creator,1,,creator
4-creator,raina telgemeier,creator,1,,creator
4-creator,ram v,creator,1,,creator
4-creator,ro stein,creator,1,,creator
4-creator,sean phillips,creator,1,,creator
4-creator,ted brandt,creator,1,,creator
4-creator,tia vasiliou,creator,1,,creator
4-creator,tillie walden,creator,1,,creator
4-creator,todd hunt,creator,1,,creator
4-creator,tom king,creator,1,,creator
4-creator,travis smith,creator,1,,creator
4-creator,zanne domoney-lyttle,creator,1,,creator